,precision,recall,f1-score,support
Negative,0.8031496062992126,0.8553459119496856,0.8284263959390863,477.0
Neutral,0.5555555555555556,0.02145922746781116,0.04132231404958678,233.0
Positive,0.8311981914091937,0.972663139329806,0.8963835839089801,1134.0
accuracy,0.8221258134490239,0.8221258134490239,0.8221258134490239,0.8221258134490239
macro avg,0.7299677844213207,0.6164894262491009,0.588710764632551,1844.0
weighted avg,0.7891136419236413,0.8221258134490239,0.7707627300375712,1844.0
